{
  "images" : [
    {
      "idiom" : "universal",
      "filename" : "Default.png",
      "scale" : "1x"
    },
    {
      "idiom" : "universal",
      "filename" : "Default@2x.png",
      "scale" : "2x"
    },
    {
      "idiom" : "universal",
      "scale" : "3x"
    },
    {
      "idiom" : "universal",
      "filename" : "Default-568h@2x.png",
      "subtype" : "retina4",
      "scale" : "2x"
    },
    {
      "idiom" : "universal",
      "filename" : "Default-667h@2x.png",
      "subtype" : "667h",
      "scale" : "2x"
    },
    {
      "idiom" : "universal",
      "filename" : "Default-736h@3x.png",
      "subtype" : "736h",
      "scale" : "3x"
    }
  ],
  "info" : {
    "version" : 1,
    "author" : "xcode"
  }
}